alpha-2,country_name,flag_emoji,demonym,alpha-3,region,sub-region,population
AD,Andorra,ğŸ‡¦ğŸ‡©,Andorran,AND,Europe,Southern Europe,80856.0
AE,United Arab Emirates (the),ğŸ‡¦ğŸ‡ª,Emirian,ARE,Asia,Western Asia,10483751.0
AF,Afghanistan,ğŸ‡¦ğŸ‡«,Afghani,AFG,Asia,Southern Asia,41454761.0
AG,Antigua and Barbuda,ğŸ‡¦ğŸ‡¬,Antiguan,ATG,Americas,Latin America and the Caribbean,93316.0
AI,Anguilla,ğŸ‡¦ğŸ‡®,Anguillan,AIA,Americas,Latin America and the Caribbean,
AL,Albania,ğŸ‡¦ğŸ‡±,Albanian,ALB,Europe,Southern Europe,2745972.0
AM,Armenia,ğŸ‡¦ğŸ‡²,Armenian,ARM,Asia,Western Asia,2990900.0
AO,Angola,ğŸ‡¦ğŸ‡´,Angolan,AGO,Africa,Sub-Saharan Africa,36749906.0
AQ,Antarctica,ğŸ‡¦ğŸ‡¶,Antarctic,ATA,,,
AR,Argentina,ğŸ‡¦ğŸ‡·,Argentine,ARG,Americas,Latin America and the Caribbean,45538401.0
AS,American Samoa,ğŸ‡¦ğŸ‡¸,Samoan,ASM,Oceania,Polynesia,47521.0
AT,Austria,ğŸ‡¦ğŸ‡¹,Austrian,AUT,Europe,Western Europe,9131761.0
AU,Australia,ğŸ‡¦ğŸ‡º,Australian,AUS,Oceania,Australia and New Zealand,26658948.0
AW,Aruba,ğŸ‡¦ğŸ‡¼,Arubian,ABW,Americas,Latin America and the Caribbean,107359.0
AX,Ã…land Islands,ğŸ‡¦ğŸ‡½,Ã…landic,ALA,Europe,Northern Europe,
AZ,Azerbaijan,ğŸ‡¦ğŸ‡¿,Azerbaijani,AZE,Asia,Western Asia,10153958.0
BA,Bosnia and Herzegovina,ğŸ‡§ğŸ‡¦,Bosnian,BIH,Europe,Southern Europe,3185073.0
BB,Barbados,ğŸ‡§ğŸ‡§,Barbadian,BRB,Americas,Latin America and the Caribbean,282336.0
BD,Bangladesh,ğŸ‡§ğŸ‡©,Bangladeshi,BGD,Asia,Southern Asia,171466990.0
BE,Belgium,ğŸ‡§ğŸ‡ª,Belgian,BEL,Europe,Western Europe,11787423.0
BF,Burkina Faso,ğŸ‡§ğŸ‡«,Burkinabe,BFA,Africa,Sub-Saharan Africa,23025776.0
BG,Bulgaria,ğŸ‡§ğŸ‡¬,Bulgarian,BGR,Europe,Eastern Europe,6446596.0
BH,Bahrain,ğŸ‡§ğŸ‡­,Bahrainian,BHR,Asia,Western Asia,1577059.0
BI,Burundi,ğŸ‡§ğŸ‡®,Burundian,BDI,Africa,Sub-Saharan Africa,13689450.0
BJ,Benin,ğŸ‡§ğŸ‡¯,Beninese,BEN,Africa,Sub-Saharan Africa,14111034.0
BL,Saint BarthÃ©lemy,ğŸ‡§ğŸ‡±,BarthÃ©lemois,BLM,Americas,Latin America and the Caribbean,
BM,Bermuda,ğŸ‡§ğŸ‡²,Bermudan,BMU,Americas,Northern America,64698.0
BN,Brunei Darussalam,ğŸ‡§ğŸ‡³,Bruneian,BRN,Asia,South-eastern Asia,458949.0
BO,Bolivia (Plurinational State of),ğŸ‡§ğŸ‡´,Bolivian,BOL,Americas,Latin America and the Caribbean,12244159.0
BQ,"Bonaire, Sint Eustatius and Saba",ğŸ‡§ğŸ‡¶,,BES,Americas,Latin America and the Caribbean,
BR,Brazil,ğŸ‡§ğŸ‡·,Brazilian,BRA,Americas,Latin America and the Caribbean,211140729.0
BS,Bahamas (the),ğŸ‡§ğŸ‡¸,Bahameese,BHS,Americas,Latin America and the Caribbean,399440.0
BT,Bhutan,ğŸ‡§ğŸ‡¹,Bhutanese,BTN,Asia,Southern Asia,786385.0
BV,Bouvet Island,ğŸ‡§ğŸ‡»,,BVT,Americas,Latin America and the Caribbean,
BW,Botswana,ğŸ‡§ğŸ‡¼,Motswana,BWA,Africa,Sub-Saharan Africa,2480244.0
BY,Belarus,ğŸ‡§ğŸ‡¾,Belarusian,BLR,Europe,Eastern Europe,9178298.0
BZ,Belize,ğŸ‡§ğŸ‡¿,Belizean,BLZ,Americas,Latin America and the Caribbean,411106.0
CA,Canada,ğŸ‡¨ğŸ‡¦,Canadian,CAN,Americas,Northern America,40097761.0
CC,Cocos (Keeling) Islands (the),ğŸ‡¨ğŸ‡¨,Cocossian,CCK,Oceania,Australia and New Zealand,
CD,Congo (the Democratic Republic of the),ğŸ‡¨ğŸ‡©,Congolese,COD,Africa,Sub-Saharan Africa,105789731.0
CF,Central African Republic (the),ğŸ‡¨ğŸ‡«,Central African,CAF,Africa,Sub-Saharan Africa,5152421.0
CG,Congo (the),ğŸ‡¨ğŸ‡¬,Congolese,COG,Africa,Sub-Saharan Africa,6182885.0
CH,Switzerland,ğŸ‡¨ğŸ‡­,Swiss,CHE,Europe,Western Europe,8888093.0
CI,CÃ´te d'Ivoire,ğŸ‡¨ğŸ‡®,Ivorian,CIV,Africa,Sub-Saharan Africa,31165654.0
CK,Cook Islands (the),ğŸ‡¨ğŸ‡°,Cook Islander,COK,Oceania,Polynesia,
CL,Chile,ğŸ‡¨ğŸ‡±,Chilean,CHL,Americas,Latin America and the Caribbean,19658835.0
CM,Cameroon,ğŸ‡¨ğŸ‡²,Cameroonian,CMR,Africa,Sub-Saharan Africa,28372687.0
CN,China,ğŸ‡¨ğŸ‡³,Chinese,CHN,Asia,Eastern Asia,1410710000.0
CO,Colombia,ğŸ‡¨ğŸ‡´,Colombian,COL,Americas,Latin America and the Caribbean,52321152.0
CR,Costa Rica,ğŸ‡¨ğŸ‡·,Costa Rican,CRI,Americas,Latin America and the Caribbean,5105525.0
CU,Cuba,ğŸ‡¨ğŸ‡º,Cuban,CUB,Americas,Latin America and the Caribbean,11019931.0
CV,Cabo Verde,ğŸ‡¨ğŸ‡»,Cape Verdean,CPV,Africa,Sub-Saharan Africa,522331.0
CW,CuraÃ§ao,ğŸ‡¨ğŸ‡¼,CuraÃ§aoan,CUW,Americas,Latin America and the Caribbean,147862.0
CX,Christmas Island,ğŸ‡¨ğŸ‡½,Christmas Islander,CXR,Oceania,Australia and New Zealand,
CY,Cyprus,ğŸ‡¨ğŸ‡¾,Cypriot,CYP,Asia,Western Asia,1344976.0
CZ,Czechia,ğŸ‡¨ğŸ‡¿,Czech,CZE,Europe,Eastern Europe,10864042.0
DE,Germany,ğŸ‡©ğŸ‡ª,German,DEU,Europe,Western Europe,83280000.0
DJ,Djibouti,ğŸ‡©ğŸ‡¯,Djiboutian,DJI,Africa,Sub-Saharan Africa,1152944.0
DK,Denmark,ğŸ‡©ğŸ‡°,Danish,DNK,Europe,Northern Europe,5946952.0
DM,Dominica,ğŸ‡©ğŸ‡²,Dominican,DMA,Americas,Latin America and the Caribbean,66510.0
DO,Dominican Republic (the),ğŸ‡©ğŸ‡´,Dominican,DOM,Americas,Latin America and the Caribbean,11331265.0
DZ,Algeria,ğŸ‡©ğŸ‡¿,Algerian,DZA,Africa,Northern Africa,46164219.0
EC,Ecuador,ğŸ‡ªğŸ‡¨,Ecuadorean,ECU,Americas,Latin America and the Caribbean,17980083.0
EE,Estonia,ğŸ‡ªğŸ‡ª,Estonian,EST,Europe,Northern Europe,1370286.0
EG,Egypt,ğŸ‡ªğŸ‡¬,Egyptian,EGY,Africa,Northern Africa,114535772.0
EH,Western Sahara,ğŸ‡ªğŸ‡­,Western Saharan,ESH,Africa,Northern Africa,
ER,Eritrea,ğŸ‡ªğŸ‡·,Eritrean,ERI,Africa,Sub-Saharan Africa,3470390.0
ES,Spain,ğŸ‡ªğŸ‡¸,Spanish,ESP,Europe,Southern Europe,48347910.0
ET,Ethiopia,ğŸ‡ªğŸ‡¹,Ethiopian,ETH,Africa,Sub-Saharan Africa,128691692.0
FI,Finland,ğŸ‡«ğŸ‡®,Finnish,FIN,Europe,Northern Europe,5583911.0
FJ,Fiji,ğŸ‡«ğŸ‡¯,Fijian,FJI,Oceania,Melanesia,924145.0
FK,Falkland Islands (the) [Malvinas],ğŸ‡«ğŸ‡°,Falkland Islander,FLK,Americas,Latin America and the Caribbean,
FM,Micronesia (Federated States of),ğŸ‡«ğŸ‡²,Micronesian,FSM,Oceania,Micronesia,112630.0
FO,Faroe Islands (the),ğŸ‡«ğŸ‡´,Faroese,FRO,Europe,Northern Europe,54482.0
FR,France,ğŸ‡«ğŸ‡·,French,FRA,Europe,Western Europe,68287487.0
GA,Gabon,ğŸ‡¬ğŸ‡¦,Gabonese,GAB,Africa,Sub-Saharan Africa,2484789.0
GB,United Kingdom of Great Britain and Northern Ireland (the),ğŸ‡¬ğŸ‡§,British,GBR,Europe,Northern Europe,68350000.0
GD,Grenada,ğŸ‡¬ğŸ‡©,Grenadian,GRD,Americas,Latin America and the Caribbean,117081.0
GE,Georgia,ğŸ‡¬ğŸ‡ª,Georgian,GEO,Asia,Western Asia,3715483.0
GF,French Guiana,ğŸ‡¬ğŸ‡«,French Guianese,GUF,Americas,Latin America and the Caribbean,
GG,Guernsey,ğŸ‡¬ğŸ‡¬,,GGY,Europe,Northern Europe,
GH,Ghana,ğŸ‡¬ğŸ‡­,Ghanaian,GHA,Africa,Sub-Saharan Africa,33787914.0
GI,Gibraltar,ğŸ‡¬ğŸ‡®,Gibraltarian,GIB,Europe,Southern Europe,38471.0
GL,Greenland,ğŸ‡¬ğŸ‡±,Greenlander,GRL,Americas,Northern America,56865.0
GM,Gambia (the),ğŸ‡¬ğŸ‡²,Gambian,GMB,Africa,Sub-Saharan Africa,2697845.0
GN,Guinea,ğŸ‡¬ğŸ‡³,Guinean,GIN,Africa,Sub-Saharan Africa,14405468.0
GP,Guadeloupe,ğŸ‡¬ğŸ‡µ,Guadeloupean,GLP,Americas,Latin America and the Caribbean,
GQ,Equatorial Guinea,ğŸ‡¬ğŸ‡¶,Equatorial Guinean,GNQ,Africa,Sub-Saharan Africa,1847549.0
GR,Greece,ğŸ‡¬ğŸ‡·,Greek,GRC,Europe,Southern Europe,10405588.0
GS,South Georgia and the South Sandwich Islands,ğŸ‡¬ğŸ‡¸,,SGS,Americas,Latin America and the Caribbean,
GT,Guatemala,ğŸ‡¬ğŸ‡¹,Guatemalan,GTM,Americas,Latin America and the Caribbean,18124838.0
GU,Guam,ğŸ‡¬ğŸ‡º,Guamanian,GUM,Oceania,Micronesia,166506.0
GW,Guinea-Bissau,ğŸ‡¬ğŸ‡¼,Guinean,GNB,Africa,Sub-Saharan Africa,2153339.0
GY,Guyana,ğŸ‡¬ğŸ‡¾,Guyanese,GUY,Americas,Latin America and the Caribbean,826353.0
HK,Hong Kong,ğŸ‡­ğŸ‡°,Hong Konger,HKG,Asia,Eastern Asia,7536100.0
HM,Heard Island and McDonald Islands,ğŸ‡­ğŸ‡²,,HMD,Oceania,Australia and New Zealand,
HN,Honduras,ğŸ‡­ğŸ‡³,Honduran,HND,Americas,Latin America and the Caribbean,10644851.0
HR,Croatia,ğŸ‡­ğŸ‡·,Croatian,HRV,Europe,Southern Europe,3859686.0
HT,Haiti,ğŸ‡­ğŸ‡¹,Haitian,HTI,Americas,Latin America and the Caribbean,11637398.0
HU,Hungary,ğŸ‡­ğŸ‡º,Hungarian,HUN,Europe,Eastern Europe,9592186.0
ID,Indonesia,ğŸ‡®ğŸ‡©,Indonesian,IDN,Asia,South-eastern Asia,281190067.0
IE,Ireland,ğŸ‡®ğŸ‡ª,Irish,IRL,Europe,Northern Europe,5307600.0
IL,Israel,ğŸ‡®ğŸ‡±,Israeli,ISR,Asia,Western Asia,9756600.0
IM,Isle of Man,ğŸ‡®ğŸ‡²,Manx,IMN,Europe,Northern Europe,84165.0
IN,India,ğŸ‡®ğŸ‡³,Indian,IND,Asia,Southern Asia,1438069596.0
IO,British Indian Ocean Territory (the),ğŸ‡®ğŸ‡´,,IOT,Africa,Sub-Saharan Africa,
IQ,Iraq,ğŸ‡®ğŸ‡¶,Iraqi,IRQ,Asia,Western Asia,45074049.0
IR,Iran (Islamic Republic of),ğŸ‡®ğŸ‡·,Iranian,IRN,Asia,Southern Asia,90608707.0
IS,Iceland,ğŸ‡®ğŸ‡¸,Icelander,ISL,Europe,Northern Europe,393349.0
IT,Italy,ğŸ‡®ğŸ‡¹,Italian,ITA,Europe,Southern Europe,58993475.0
JE,Jersey,ğŸ‡¯ğŸ‡ª,,JEY,Europe,Northern Europe,
JM,Jamaica,ğŸ‡¯ğŸ‡²,Jamaican,JAM,Americas,Latin America and the Caribbean,2839786.0
JO,Jordan,ğŸ‡¯ğŸ‡´,Jordanian,JOR,Asia,Western Asia,11439213.0
JP,Japan,ğŸ‡¯ğŸ‡µ,Japanese,JPN,Asia,Eastern Asia,124516650.0
KE,Kenya,ğŸ‡°ğŸ‡ª,Kenyan,KEN,Africa,Sub-Saharan Africa,55339003.0
KG,Kyrgyzstan,ğŸ‡°ğŸ‡¬,Kyrgyzstani,KGZ,Asia,Central Asia,7099750.0
KH,Cambodia,ğŸ‡°ğŸ‡­,Cambodian,KHM,Asia,South-eastern Asia,17423880.0
KI,Kiribati,ğŸ‡°ğŸ‡®,I-Kiribati,KIR,Oceania,Micronesia,132530.0
KM,Comoros (the),ğŸ‡°ğŸ‡²,Comoran,COM,Africa,Sub-Saharan Africa,850387.0
KN,Saint Kitts and Nevis,ğŸ‡°ğŸ‡³,Kittian,KNA,Americas,Latin America and the Caribbean,46758.0
KP,Korea (the Democratic People's Republic of),ğŸ‡°ğŸ‡µ,North Korean,PRK,Asia,Eastern Asia,26418204.0
KR,Korea (the Republic of),ğŸ‡°ğŸ‡·,South Korean,KOR,Asia,Eastern Asia,51712619.0
KW,Kuwait,ğŸ‡°ğŸ‡¼,Kuwaiti,KWT,Asia,Western Asia,4853420.0
KY,Cayman Islands (the),ğŸ‡°ğŸ‡¾,Caymanian,CYM,Americas,Latin America and the Caribbean,73038.0
KZ,Kazakhstan,ğŸ‡°ğŸ‡¿,Kazakhstani,KAZ,Asia,Central Asia,20330104.0
LA,Lao People's Democratic Republic (the),ğŸ‡±ğŸ‡¦,Laotian,LAO,Asia,South-eastern Asia,7664993.0
LB,Lebanon,ğŸ‡±ğŸ‡§,Lebanese,LBN,Asia,Western Asia,5773493.0
LC,Saint Lucia,ğŸ‡±ğŸ‡¨,Saint Lucian,LCA,Americas,Latin America and the Caribbean,179285.0
LI,Liechtenstein,ğŸ‡±ğŸ‡®,Liechtensteiner,LIE,Europe,Western Europe,39850.0
LK,Sri Lanka,ğŸ‡±ğŸ‡°,Sri Lankan,LKA,Asia,Southern Asia,22037000.0
LR,Liberia,ğŸ‡±ğŸ‡·,Liberian,LBR,Africa,Sub-Saharan Africa,5493031.0
LS,Lesotho,ğŸ‡±ğŸ‡¸,Mosotho,LSO,Africa,Sub-Saharan Africa,2311472.0
LT,Lithuania,ğŸ‡±ğŸ‡¹,Lithunian,LTU,Europe,Northern Europe,2871585.0
LU,Luxembourg,ğŸ‡±ğŸ‡º,Luxembourger,LUX,Europe,Western Europe,666430.0
LV,Latvia,ğŸ‡±ğŸ‡»,Latvian,LVA,Europe,Northern Europe,1877445.0
LY,Libya,ğŸ‡±ğŸ‡¾,Libyan,LBY,Africa,Northern Africa,7305659.0
MA,Morocco,ğŸ‡²ğŸ‡¦,Moroccan,MAR,Africa,Northern Africa,37712505.0
MC,Monaco,ğŸ‡²ğŸ‡¨,Monacan,MCO,Europe,Western Europe,38956.0
MD,Moldova (the Republic of),ğŸ‡²ğŸ‡©,Moldovan,MDA,Europe,Eastern Europe,2457783.0
ME,Montenegro,ğŸ‡²ğŸ‡ª,Montenegrin,MNE,Europe,Southern Europe,616177.0
MF,Saint Martin (French part),ğŸ‡²ğŸ‡«,,MAF,Americas,Latin America and the Caribbean,27515.0
MG,Madagascar,ğŸ‡²ğŸ‡¬,Malagasy,MDG,Africa,Sub-Saharan Africa,31195932.0
MH,Marshall Islands (the),ğŸ‡²ğŸ‡­,Marshallese,MHL,Oceania,Micronesia,38827.0
MK,North Macedonia,ğŸ‡²ğŸ‡°,Macedonian,MKD,Europe,Southern Europe,1827816.0
ML,Mali,ğŸ‡²ğŸ‡±,Malian,MLI,Africa,Sub-Saharan Africa,23769127.0
MM,Myanmar,ğŸ‡²ğŸ‡²,Myanmarese,MMR,Asia,South-eastern Asia,54133798.0
MN,Mongolia,ğŸ‡²ğŸ‡³,Mongolian,MNG,Asia,Eastern Asia,3481145.0
MO,Macao,ğŸ‡²ğŸ‡´,Macanese,MAC,Asia,Eastern Asia,678800.0
MP,Northern Mariana Islands (the),ğŸ‡²ğŸ‡µ,Northern Mariana Islander,MNP,Oceania,Micronesia,45143.0
MQ,Martinique,ğŸ‡²ğŸ‡¶,Martinican,MTQ,Americas,Latin America and the Caribbean,
MR,Mauritania,ğŸ‡²ğŸ‡·,Mauritanian,MRT,Africa,Sub-Saharan Africa,5022441.0
MS,Montserrat,ğŸ‡²ğŸ‡¸,Montserratian,MSR,Americas,Latin America and the Caribbean,
MT,Malta,ğŸ‡²ğŸ‡¹,Maltese,MLT,Europe,Southern Europe,552747.0
MU,Mauritius,ğŸ‡²ğŸ‡º,Mauritian,MUS,Africa,Sub-Saharan Africa,1261041.0
MV,Maldives,ğŸ‡²ğŸ‡»,Maldivan,MDV,Asia,Southern Asia,525994.0
MW,Malawi,ğŸ‡²ğŸ‡¼,Malawian,MWI,Africa,Sub-Saharan Africa,21104482.0
MX,Mexico,ğŸ‡²ğŸ‡½,Mexican,MEX,Americas,Latin America and the Caribbean,129739759.0
MY,Malaysia,ğŸ‡²ğŸ‡¾,Malaysian,MYS,Asia,South-eastern Asia,35126298.0
MZ,Mozambique,ğŸ‡²ğŸ‡¿,Mozambican,MOZ,Africa,Sub-Saharan Africa,33635160.0
,Namibia,ğŸ‡³ğŸ‡¦,Namibian,NAM,Africa,Sub-Saharan Africa,2963095.0
NC,New Caledonia,ğŸ‡³ğŸ‡¨,New Caledonian,NCL,Oceania,Melanesia,289870.0
NE,Niger (the),ğŸ‡³ğŸ‡ª,Nigerien,NER,Africa,Sub-Saharan Africa,26159867.0
NF,Norfolk Island,ğŸ‡³ğŸ‡«,Norfolk Islander,NFK,Oceania,Australia and New Zealand,
NG,Nigeria,ğŸ‡³ğŸ‡¬,Nigerian,NGA,Africa,Sub-Saharan Africa,227882945.0
NI,Nicaragua,ğŸ‡³ğŸ‡®,Nicaraguan,NIC,Americas,Latin America and the Caribbean,6823613.0
NL,Netherlands (the),ğŸ‡³ğŸ‡±,Dutch,NLD,Europe,Western Europe,17877117.0
NO,Norway,ğŸ‡³ğŸ‡´,Norwegian,NOR,Europe,Northern Europe,5519594.0
NP,Nepal,ğŸ‡³ğŸ‡µ,Nepalese,NPL,Asia,Southern Asia,29694614.0
NR,Nauru,ğŸ‡³ğŸ‡·,Nauruan,NRU,Oceania,Micronesia,11875.0
NU,Niue,ğŸ‡³ğŸ‡º,Niuean,NIU,Oceania,Polynesia,
NZ,New Zealand,ğŸ‡³ğŸ‡¿,New Zealander,NZL,Oceania,Australia and New Zealand,5223100.0
OM,Oman,ğŸ‡´ğŸ‡²,Omani,OMN,Asia,Western Asia,5049269.0
PA,Panama,ğŸ‡µğŸ‡¦,Panamanian,PAN,Americas,Latin America and the Caribbean,4458759.0
PE,Peru,ğŸ‡µğŸ‡ª,Peruvian,PER,Americas,Latin America and the Caribbean,33845617.0
PF,French Polynesia,ğŸ‡µğŸ‡«,French Polynesian,PYF,Oceania,Polynesia,281118.0
PG,Papua New Guinea,ğŸ‡µğŸ‡¬,Papua New Guinean,PNG,Oceania,Melanesia,10389635.0
PH,Philippines (the),ğŸ‡µğŸ‡­,Filipino,PHL,Asia,South-eastern Asia,114891199.0
PK,Pakistan,ğŸ‡µğŸ‡°,Pakistani,PAK,Asia,Southern Asia,247504495.0
PL,Poland,ğŸ‡µğŸ‡±,Polish,POL,Europe,Eastern Europe,36687353.0
PM,Saint Pierre and Miquelon,ğŸ‡µğŸ‡²,Saint-Pierrais,SPM,Americas,Northern America,
PN,Pitcairn,ğŸ‡µğŸ‡³,Pitcairn Islander,PCN,Oceania,Polynesia,
PR,Puerto Rico,ğŸ‡µğŸ‡·,Puerto Rican,PRI,Americas,Latin America and the Caribbean,3205691.0
PS,"Palestine, State of",ğŸ‡µğŸ‡¸,Palestinian,PSE,Asia,Western Asia,5165775.0
PT,Portugal,ğŸ‡µğŸ‡¹,Portuguese,PRT,Europe,Southern Europe,10578174.0
PW,Palau,ğŸ‡µğŸ‡¼,Palauan,PLW,Oceania,Micronesia,17727.0
PY,Paraguay,ğŸ‡µğŸ‡¾,Paraguayan,PRY,Americas,Latin America and the Caribbean,6844146.0
QA,Qatar,ğŸ‡¶ğŸ‡¦,Qatari,QAT,Asia,Western Asia,2656032.0
RE,RÃ©union,ğŸ‡·ğŸ‡ª,,REU,Africa,Sub-Saharan Africa,
RO,Romania,ğŸ‡·ğŸ‡´,Romanian,ROU,Europe,Eastern Europe,19059479.0
RS,Serbia,ğŸ‡·ğŸ‡¸,Serbian,SRB,Europe,Southern Europe,6623183.0
RU,Russian Federation (the),ğŸ‡·ğŸ‡º,Russian,RUS,Europe,Eastern Europe,143826130.0
RW,Rwanda,ğŸ‡·ğŸ‡¼,Rwandan,RWA,Africa,Sub-Saharan Africa,13954471.0
SA,Saudi Arabia,ğŸ‡¸ğŸ‡¦,Saudi Arabian,SAU,Asia,Western Asia,33264292.0
SB,Solomon Islands,ğŸ‡¸ğŸ‡§,Solomon Islander,SLB,Oceania,Melanesia,800005.0
SC,Seychelles,ğŸ‡¸ğŸ‡¨,Seychellois,SYC,Africa,Sub-Saharan Africa,119773.0
SD,Sudan,ğŸ‡¸ğŸ‡©,Sudanese,SDN,Africa,Northern Africa,50042791.0
SE,Sweden,ğŸ‡¸ğŸ‡ª,Swedish,SWE,Europe,Northern Europe,10536632.0
SG,Singapore,ğŸ‡¸ğŸ‡¬,Singaporean,SGP,Asia,South-eastern Asia,5917648.0
SH,"Saint Helena, Ascension and Tristan da Cunha",ğŸ‡¸ğŸ‡­,Saint Helenian,SHN,Africa,Sub-Saharan Africa,
SI,Slovenia,ğŸ‡¸ğŸ‡®,Slovenian,SVN,Europe,Southern Europe,2120461.0
SJ,Svalbard and Jan Mayen,ğŸ‡¸ğŸ‡¯,,SJM,Europe,Northern Europe,
SK,Slovakia,ğŸ‡¸ğŸ‡°,Slovakian,SVK,Europe,Eastern Europe,5426740.0
SL,Sierra Leone,ğŸ‡¸ğŸ‡±,Sierra Leonean,SLE,Africa,Sub-Saharan Africa,8460512.0
SM,San Marino,ğŸ‡¸ğŸ‡²,Sanmarinese,SMR,Europe,Southern Europe,33860.0
SN,Senegal,ğŸ‡¸ğŸ‡³,Senegalese,SEN,Africa,Sub-Saharan Africa,18077573.0
SO,Somalia,ğŸ‡¸ğŸ‡´,Somali,SOM,Africa,Sub-Saharan Africa,18358615.0
SR,Suriname,ğŸ‡¸ğŸ‡·,Surinamer,SUR,Americas,Latin America and the Caribbean,628886.0
SS,South Sudan,ğŸ‡¸ğŸ‡¸,Sudanese,SSD,Africa,Sub-Saharan Africa,11483374.0
ST,Sao Tome and Principe,ğŸ‡¸ğŸ‡¹,SÃ£o Tomean,STP,Africa,Sub-Saharan Africa,230871.0
SV,El Salvador,ğŸ‡¸ğŸ‡»,Salvadorean,SLV,Americas,Latin America and the Caribbean,6309624.0
SX,Sint Maarten (Dutch part),ğŸ‡¸ğŸ‡½,,SXM,Americas,Latin America and the Caribbean,42749.0
SY,Syrian Arab Republic (the),ğŸ‡¸ğŸ‡¾,Syrian,SYR,Asia,Western Asia,23594623.0
SZ,Eswatini,ğŸ‡¸ğŸ‡¿,Swazi,SWZ,Africa,Sub-Saharan Africa,1230506.0
TC,Turks and Caicos Islands (the),ğŸ‡¹ğŸ‡¨,Turks and Caicos Islander,TCA,Americas,Latin America and the Caribbean,46198.0
TD,Chad,ğŸ‡¹ğŸ‡©,Chadian,TCD,Africa,Sub-Saharan Africa,19319064.0
TF,French Southern Territories (the),ğŸ‡¹ğŸ‡«,,ATF,Africa,Sub-Saharan Africa,
TG,Togo,ğŸ‡¹ğŸ‡¬,Togolese,TGO,Africa,Sub-Saharan Africa,9304337.0
TH,Thailand,ğŸ‡¹ğŸ‡­,Thai,THA,Asia,South-eastern Asia,71702435.0
TJ,Tajikistan,ğŸ‡¹ğŸ‡¯,Tajikistani,TJK,Asia,Central Asia,10389799.0
TK,Tokelau,ğŸ‡¹ğŸ‡°,Tokelauan,TKL,Oceania,Polynesia,
TL,Timor-Leste,ğŸ‡¹ğŸ‡±,Timorese,TLS,Asia,South-eastern Asia,1384286.0
TM,Turkmenistan,ğŸ‡¹ğŸ‡²,Turkmen,TKM,Asia,Central Asia,7364438.0
TN,Tunisia,ğŸ‡¹ğŸ‡³,Tunisian,TUN,Africa,Northern Africa,12200431.0
TO,Tonga,ğŸ‡¹ğŸ‡´,Tongan,TON,Oceania,Polynesia,104597.0
TR,TÃ¼rkiye,ğŸ‡¹ğŸ‡·,Turkish,TUR,Asia,Western Asia,85325965.0
TT,Trinidad and Tobago,ğŸ‡¹ğŸ‡¹,Trinidadian,TTO,Americas,Latin America and the Caribbean,1367510.0
TV,Tuvalu,ğŸ‡¹ğŸ‡»,Tuvaluan,TUV,Oceania,Polynesia,9816.0
TW,Taiwan (Province of China),ğŸ‡¹ğŸ‡¼,Taiwanese,TWN,,,
TZ,"Tanzania, the United Republic of",ğŸ‡¹ğŸ‡¿,Tanzanian,TZA,Africa,Sub-Saharan Africa,66617606.0
UA,Ukraine,ğŸ‡ºğŸ‡¦,Ukrainian,UKR,Europe,Eastern Europe,37732836.0
UG,Uganda,ğŸ‡ºğŸ‡¬,Ugandan,UGA,Africa,Sub-Saharan Africa,48656601.0
UM,United States Minor Outlying Islands (the),ğŸ‡ºğŸ‡²,,UMI,Oceania,Micronesia,
US,United States of America (the),ğŸ‡ºğŸ‡¸,American,USA,Americas,Northern America,334914895.0
UY,Uruguay,ğŸ‡ºğŸ‡¾,Uruguayan,URY,Americas,Latin America and the Caribbean,3388081.0
UZ,Uzbekistan,ğŸ‡ºğŸ‡¿,Uzbekistani,UZB,Asia,Central Asia,35652307.0
VA,Holy See (the),ğŸ‡»ğŸ‡¦,,VAT,Europe,Southern Europe,
VC,Saint Vincent and the Grenadines,ğŸ‡»ğŸ‡¨,Saint Vincentian,VCT,Americas,Latin America and the Caribbean,101323.0
VE,Venezuela (Bolivarian Republic of),ğŸ‡»ğŸ‡ª,Venezuelan,VEN,Americas,Latin America and the Caribbean,28300854.0
VG,Virgin Islands (British),ğŸ‡»ğŸ‡¬,Virgin Islander,VGB,Americas,Latin America and the Caribbean,38985.0
VI,Virgin Islands (U.S.),ğŸ‡»ğŸ‡®,Virgin Islander,VIR,Americas,Latin America and the Caribbean,104917.0
VN,Viet Nam,ğŸ‡»ğŸ‡³,Vietnamese,VNM,Asia,South-eastern Asia,100352192.0
VU,Vanuatu,ğŸ‡»ğŸ‡º,Ni-Vanuatu,VUT,Oceania,Melanesia,320409.0
WF,Wallis and Futuna,ğŸ‡¼ğŸ‡«,Wallisian,WLF,Oceania,Polynesia,
WS,Samoa,ğŸ‡¼ğŸ‡¸,Samoan,WSM,Oceania,Polynesia,216663.0
XB,Canary Islands,,,,,,
XC,Ceuta and Melilla,,,,,,
XK,Kosovo,,,,,,
YE,Yemen,ğŸ‡¾ğŸ‡ª,Yemeni,YEM,Asia,Western Asia,39390799.0
YT,Mayotte,ğŸ‡¾ğŸ‡¹,Mahoran,MYT,Africa,Sub-Saharan Africa,
ZA,South Africa,ğŸ‡¿ğŸ‡¦,South African,ZAF,Africa,Sub-Saharan Africa,63212384.0
ZM,Zambia,ğŸ‡¿ğŸ‡²,Zambian,ZMB,Africa,Sub-Saharan Africa,20723965.0
ZW,Zimbabwe,ğŸ‡¿ğŸ‡¼,Zimbabwean,ZWE,Africa,Sub-Saharan Africa,16340822.0
