code,name,Emoji,Demonym 1,Demonym 2,Demonym 3,notes
AD,Andorra,ğŸ‡¦ğŸ‡©,Andorran,,,
AE,United Arab Emirates (the),ğŸ‡¦ğŸ‡ª,Emirian,Emirati,,
AF,Afghanistan,ğŸ‡¦ğŸ‡«,Afghani,Afghan,,
AG,Antigua and Barbuda,ğŸ‡¦ğŸ‡¬,Antiguan,,,
AI,Anguilla,ğŸ‡¦ğŸ‡®,Anguillan,,,"Separated form St. Kitts and Nevis (KN, KNA, 659, 657)."
AL,Albania,ğŸ‡¦ğŸ‡±,Albanian,Alabanian,,
AM,Armenia,ğŸ‡¦ğŸ‡²,Armenian,Hayastani,,"Former Soviet Union (SU, SUN, 810, 135)."
AO,Angola,ğŸ‡¦ğŸ‡´,Angolan,,,Portuguese colony until 1975.
AQ,Antarctica,ğŸ‡¦ğŸ‡¶,Antarctic,,,"Merging with Queen Maud Land (NQ, ATN, 216, 002)."
AR,Argentina,ğŸ‡¦ğŸ‡·,Argentine,Argentinian,Argentinean,
AS,American Samoa,ğŸ‡¦ğŸ‡¸,Samoan,,,
AT,Austria,ğŸ‡¦ğŸ‡¹,Austrian,,,
AU,Australia,ğŸ‡¦ğŸ‡º,Australian,,,
AW,Aruba,ğŸ‡¦ğŸ‡¼,Arubian,,,"Former Netherlands Antilles (AN, ANT, 532, 655)."
AX,Ã…land Islands,ğŸ‡¦ğŸ‡½,Ã…landic,Ã…landish,,"Own code, in some cases included in Finland (FI, FIN, 246, 103)."
AZ,Azerbaijan,ğŸ‡¦ğŸ‡¿,Azerbaijani,,,"Former Soviet Union (SU, SUN, 810, 135)."
BA,Bosnia and Herzegovina,ğŸ‡§ğŸ‡¦,Bosnian,Herzegovinian,,"Former Yugoslavia  (YU, YUG, 890, 116)."
BB,Barbados,ğŸ‡§ğŸ‡§,Barbadian,Barbadan,Bajan,
BD,Bangladesh,ğŸ‡§ğŸ‡©,Bangladeshi,,,
BE,Belgium,ğŸ‡§ğŸ‡ª,Belgian,,,
BF,Burkina Faso,ğŸ‡§ğŸ‡«,Burkinabe,,,"Former Upper Volta (HV, HVO, 854, 393)."
BG,Bulgaria,ğŸ‡§ğŸ‡¬,Bulgarian,,,
BH,Bahrain,ğŸ‡§ğŸ‡­,Bahrainian,,,
BI,Burundi,ğŸ‡§ğŸ‡®,Burundian,,,
BJ,Benin,ğŸ‡§ğŸ‡¯,Beninese,,,"Former Dahomey (DY, DHY, 204, 229)."
BL,Saint BarthÃ©lemy,ğŸ‡§ğŸ‡±,BarthÃ©lemois,,,"Formerly part of Guadeloupe (GP, GLP, 312, 630)."
BM,Bermuda,ğŸ‡§ğŸ‡²,Bermudan,,,
BN,Brunei Darussalam,ğŸ‡§ğŸ‡³,Bruneian,,,
BO,Bolivia (Plurinational State of),ğŸ‡§ğŸ‡´,Bolivian,,,
BQ,"Bonaire, Sint Eustatius and Saba",ğŸ‡§ğŸ‡¶,,,,"Former Netherlands Antilles (AN, ANT, 530, 656)."
BR,Brazil,ğŸ‡§ğŸ‡·,Brazilian,,,
BS,Bahamas (the),ğŸ‡§ğŸ‡¸,Bahameese,Bahamian,,
BT,Bhutan,ğŸ‡§ğŸ‡¹,Bhutanese,,,
BV,Bouvet Island,ğŸ‡§ğŸ‡»,,,,
BW,Botswana,ğŸ‡§ğŸ‡¼,Motswana,Batswana,,
BY,Belarus,ğŸ‡§ğŸ‡¾,Belarusian,,,"Belarus (BY, BLR, 112, 120) changed norwegian name."
BZ,Belize,ğŸ‡§ğŸ‡¿,Belizean,,,
CA,Canada,ğŸ‡¨ğŸ‡¦,Canadian,,,
CC,Cocos (Keeling) Islands (the),ğŸ‡¨ğŸ‡¨,Cocossian,Cocos Islandia,,
CD,Congo (the Democratic Republic of the),ğŸ‡¨ğŸ‡©,Congolese,,,"Formerly ZaÃ¯re (ZR, ZAR, 180, 279)."
CF,Central African Republic (the),ğŸ‡¨ğŸ‡«,Central African,,,
CG,Congo (the),ğŸ‡¨ğŸ‡¬,Congolese,,,
CH,Switzerland,ğŸ‡¨ğŸ‡­,Swiss,,,
CI,CÃ´te d'Ivoire,ğŸ‡¨ğŸ‡®,Ivorian,,,
CK,Cook Islands (the),ğŸ‡¨ğŸ‡°,Cook Islander,,,
CL,Chile,ğŸ‡¨ğŸ‡±,Chilean,,,
CM,Cameroon,ğŸ‡¨ğŸ‡²,Cameroonian,,,
CN,China,ğŸ‡¨ğŸ‡³,Chinese,,,
CO,Colombia,ğŸ‡¨ğŸ‡´,Colombian,Columbian,,
CR,Costa Rica,ğŸ‡¨ğŸ‡·,Costa Rican,,,
CU,Cuba,ğŸ‡¨ğŸ‡º,Cuban,,,
CV,Cabo Verde,ğŸ‡¨ğŸ‡»,Cape Verdean,,,Portuguese colony until 1975.
CW,CuraÃ§ao,ğŸ‡¨ğŸ‡¼,CuraÃ§aoan,,,"Former Netherlands Antilles (AN, ANT, 530, 656)."
CX,Christmas Island,ğŸ‡¨ğŸ‡½,Christmas Islander,,,
CY,Cyprus,ğŸ‡¨ğŸ‡¾,Cypriot,,,
CZ,Czechia,ğŸ‡¨ğŸ‡¿,Czech,,,"Former Czechoslovakia (CS, CSK, 200, 142)."
DE,Germany,ğŸ‡©ğŸ‡ª,German,,,"Merging of German Democratic Republic (DD, DDR, 278, 151) and Ferderal Republic of Germany (DE, DEU, 280, 144)."
DJ,Djibouti,ğŸ‡©ğŸ‡¯,Djiboutian,Djibouti,,"Formerly  French Territory of the Afars and the Issas (AI, AFI, 262, 250)."
DK,Denmark,ğŸ‡©ğŸ‡°,Danish,Dane,,
DM,Dominica,ğŸ‡©ğŸ‡²,Dominican,,,
DO,Dominican Republic (the),ğŸ‡©ğŸ‡´,Dominican,,,
DZ,Algeria,ğŸ‡©ğŸ‡¿,Algerian,,,
EC,Ecuador,ğŸ‡ªğŸ‡¨,Ecuadorean,Ecudorean,,
EE,Estonia,ğŸ‡ªğŸ‡ª,Estonian,,,"Former Soviet Union (SU, SUN, 810, 135)."
EG,Egypt,ğŸ‡ªğŸ‡¬,Egyptian,,,
EH,Western Sahara,ğŸ‡ªğŸ‡­,Western Saharan,Sahrawi,,"Formerly Spanish  Sahara (EH, EHS,732, 304). Now without Spanish territories in Africa (XC, ---, 728, 349)."
ER,Eritrea,ğŸ‡ªğŸ‡·,Eritrean,,,"Formerly part of Ethiopia (ET, ETH, 230, 246)."
ES,Spain,ğŸ‡ªğŸ‡¸,Spanish,,,
ET,Ethiopia,ğŸ‡ªğŸ‡¹,Ethiopian,,,"Formerly part of Ethiopia (ET, ETH, 230, 246)."
FI,Finland,ğŸ‡«ğŸ‡®,Finnish,,,"Be aware of that Ã…land (AX, ALA, 248, 107) excludes for some purposes after it got its  own code in 2004."
FJ,Fiji,ğŸ‡«ğŸ‡¯,Fijian,,,
FK,Falkland Islands (the) [Malvinas],ğŸ‡«ğŸ‡°,Falkland Islander,,,"Formerly part of Falkland Islands (FK, FLK, 238, 740) together with South Georgia and The South Sandwich Islands (GS, SGS, 239, 738)."
FM,Micronesia (Federated States of),ğŸ‡«ğŸ‡²,Micronesian,,,"Former Pacific Islands (Trust Territory) (PC, PCI, 582, 849)."
FO,Faroe Islands (the),ğŸ‡«ğŸ‡´,Faroese,,,
FR,France,ğŸ‡«ğŸ‡·,French,,,"In some cases various compositions are made: Metropolitan France (former FX, FXX, 249, 199), F. Guiana (GF, GUF, 254, 745), Guadalope (GP, GLP, 312, 630 eller 631), Saint-Martin (MF, MAF, 663, 686), Martinique (MQ, MTQ, 474, 650), Reunion (RE, REU, 638, 3"
GA,Gabon,ğŸ‡¬ğŸ‡¦,Gabonese,,,
GB,United Kingdom of Great Britain and Northern Ireland (the),ğŸ‡¬ğŸ‡§,British,,,"Formerly part of Great Britain (GB, GBR, 826, 139)."
GD,Grenada,ğŸ‡¬ğŸ‡©,Grenadian,,,
GE,Georgia,ğŸ‡¬ğŸ‡ª,Georgian,,,"Former Soviet Union (SU, SUN, 810, 135)."
GF,French Guiana,ğŸ‡¬ğŸ‡«,French Guianese,,,
GG,Guernsey,ğŸ‡¬ğŸ‡¬,,,,"Formerly part of Great Britain (GB, GBR, 826, 139)."
GH,Ghana,ğŸ‡¬ğŸ‡­,Ghanaian,Ghanian,,
GI,Gibraltar,ğŸ‡¬ğŸ‡®,Gibraltarian,,,
GL,Greenland,ğŸ‡¬ğŸ‡±,Greenlander,Greenlandic,,
GM,Gambia (the),ğŸ‡¬ğŸ‡²,Gambian,,,
GN,Guinea,ğŸ‡¬ğŸ‡³,Guinean,,,
GP,Guadeloupe,ğŸ‡¬ğŸ‡µ,Guadeloupean,,,"Formerly Guadeloupe (GP, GLP, 312, 630) consested of Guadeloupe (GP, GLP, 312, 631), Saint-BarthÃ©lemy (BL, BLM, 652, 687) and Saint-Martin (MF, MAF, 663, 686)."
GQ,Equatorial Guinea,ğŸ‡¬ğŸ‡¶,Equatorial Guinean,Equatoguinean,,
GR,Greece,ğŸ‡¬ğŸ‡·,Greek,,,
GS,South Georgia and the South Sandwich Islands,ğŸ‡¬ğŸ‡¸,,,,"Formerly part of Falkland Islands (FK, FLK, 238, 739)."
GT,Guatemala,ğŸ‡¬ğŸ‡¹,Guatemalan,,,
GU,Guam,ğŸ‡¬ğŸ‡º,Guamanian,,,
GW,Guinea-Bissau,ğŸ‡¬ğŸ‡¼,Guinean,,,Portuguese colony until september 1974.
GY,Guyana,ğŸ‡¬ğŸ‡¾,Guyanese,,,
HK,Hong Kong,ğŸ‡­ğŸ‡°,Hong Konger,,,
HM,Heard Island and McDonald Islands,ğŸ‡­ğŸ‡²,,,,
HN,Honduras,ğŸ‡­ğŸ‡³,Honduran,,,
HR,Croatia,ğŸ‡­ğŸ‡·,Croatian,Croat,,"Former Yugoslavia  (YU, YUG, 890, 116)."
HT,Haiti,ğŸ‡­ğŸ‡¹,Haitian,,,
HU,Hungary,ğŸ‡­ğŸ‡º,Hungarian,,,
ID,Indonesia,ğŸ‡®ğŸ‡©,Indonesian,,,"Indonesia (ID, IDN, 360, 448) without East Timor (TP, TMP, 626, 537)."
IE,Ireland,ğŸ‡®ğŸ‡ª,Irish,,,
IL,Israel,ğŸ‡®ğŸ‡±,Israeli,,,"Formerly Israel (IL, ISR, 376, 460), now without Gaza and Jericho."
IM,Isle of Man,ğŸ‡®ğŸ‡²,Manx,,,"Formerly part of Great Britain (GB, GBR, 826, 139)."
IN,India,ğŸ‡®ğŸ‡³,Indian,,,"Merged with Sikkim (SK, SKM, 698, 546)."
IO,British Indian Ocean Territory (the),ğŸ‡®ğŸ‡´,,,,
IQ,Iraq,ğŸ‡®ğŸ‡¶,Iraqi,,,"Merged with part of Neutral Zone (NT, NTZ, 536, 453)."
IR,Iran (Islamic Republic of),ğŸ‡®ğŸ‡·,Iranian,,,
IS,Iceland,ğŸ‡®ğŸ‡¸,Icelander,,,
IT,Italy,ğŸ‡®ğŸ‡¹,Italian,,,
JE,Jersey,ğŸ‡¯ğŸ‡ª,,,,"Formerly part of Great Britain (GB, GBR, 826, 139)."
JM,Jamaica,ğŸ‡¯ğŸ‡²,Jamaican,,,
JO,Jordan,ğŸ‡¯ğŸ‡´,Jordanian,,,
JP,Japan,ğŸ‡¯ğŸ‡µ,Japanese,,,
KE,Kenya,ğŸ‡°ğŸ‡ª,Kenyan,,,
KG,Kyrgyzstan,ğŸ‡°ğŸ‡¬,Kyrgyzstani,,,"Former Soviet Union (SU, SUN, 810, 135)."
KH,Cambodia,ğŸ‡°ğŸ‡­,Cambodian,,,"Country changed name form Cambodia to Kampuchea in 1979, and back to Cambodia i 1990."
KI,Kiribati,ğŸ‡°ğŸ‡®,I-Kiribati,,,"Merged Kiribati (KI, KIR, 296, 841) and Canton and Enderbury Islands (CT, CTE, 128, 825)."
KM,Comoros (the),ğŸ‡°ğŸ‡²,Comoran,,,"Separated form Mayotte. Mayotte was included into France (FR, FRA, 250) without getting its own code."
KN,Saint Kitts and Nevis,ğŸ‡°ğŸ‡³,Kittian,Nevisian,,"Formerly St. Kitts, Nevis og Anguilla (KN, KNA, 659, 677). Anguilla (AI, AIA, 660, 660) is separated."
KP,Korea (the Democratic People's Republic of),ğŸ‡°ğŸ‡µ,North Korean,,,
KR,Korea (the Republic of),ğŸ‡°ğŸ‡·,South Korean,,,
KW,Kuwait,ğŸ‡°ğŸ‡¼,Kuwaiti,,,
KY,Cayman Islands (the),ğŸ‡°ğŸ‡¾,Caymanian,,,
KZ,Kazakhstan,ğŸ‡°ğŸ‡¿,Kazakhstani,Kazakh,,"Former Soviet Union (SU, SUN, 810, 135)."
LA,Lao People's Democratic Republic (the),ğŸ‡±ğŸ‡¦,Laotian,,,
LB,Lebanon,ğŸ‡±ğŸ‡§,Lebanese,,,
LC,Saint Lucia,ğŸ‡±ğŸ‡¨,Saint Lucian,,,
LI,Liechtenstein,ğŸ‡±ğŸ‡®,Liechtensteiner,,,
LK,Sri Lanka,ğŸ‡±ğŸ‡°,Sri Lankan,,,
LR,Liberia,ğŸ‡±ğŸ‡·,Liberian,,,
LS,Lesotho,ğŸ‡±ğŸ‡¸,Mosotho,Basotho,,
LT,Lithuania,ğŸ‡±ğŸ‡¹,Lithunian,,,"Former Soviet Union (SU, SUN, 810, 135)."
LU,Luxembourg,ğŸ‡±ğŸ‡º,Luxembourger,,,
LV,Latvia,ğŸ‡±ğŸ‡»,Latvian,,,"Former Soviet Union (SU, SUN, 810, 135)."
LY,Libya,ğŸ‡±ğŸ‡¾,Libyan,,,
MA,Morocco,ğŸ‡²ğŸ‡¦,Moroccan,,,
MC,Monaco,ğŸ‡²ğŸ‡¨,Monacan,,,
MD,Moldova (the Republic of),ğŸ‡²ğŸ‡©,Moldovan,,,"Former Soviet Union (SU, SUN, 810, 135)."
ME,Montenegro,ğŸ‡²ğŸ‡ª,Montenegrin,,,"Former  Serbia and Montenegro (CS, SCG, 891, 125)."
MF,Saint Martin (French part),ğŸ‡²ğŸ‡«,,,,"Formerly part of Guadeloupe (GP, GLP, 312, 630)."
MG,Madagascar,ğŸ‡²ğŸ‡¬,Malagasy,,,
MH,Marshall Islands (the),ğŸ‡²ğŸ‡­,Marshallese,,,"Former Pacific Islands (Trust Territory) (PC, PCI, 582, 849)."
MK,North Macedonia,ğŸ‡²ğŸ‡°,Macedonian,,,"Former Macedonia (MK, MKD, 807, 156)."
ML,Mali,ğŸ‡²ğŸ‡±,Malian,,,
MM,Myanmar,ğŸ‡²ğŸ‡²,Myanmarese,Burmese,,"Former Burma (BU, BUR, 104, 420)."
MN,Mongolia,ğŸ‡²ğŸ‡³,Mongolian,,,
MO,Macao,ğŸ‡²ğŸ‡´,Macanese,,,
MP,Northern Mariana Islands (the),ğŸ‡²ğŸ‡µ,Northern Mariana Islander,,,"Former Pacific Islands (Trust Territory) (PC, PCI, 582, 849)."
MQ,Martinique,ğŸ‡²ğŸ‡¶,Martinican,MartiniquaÃ­s,,
MR,Mauritania,ğŸ‡²ğŸ‡·,Mauritanian,,,
MS,Montserrat,ğŸ‡²ğŸ‡¸,Montserratian,,,
MT,Malta,ğŸ‡²ğŸ‡¹,Maltese,,,
MU,Mauritius,ğŸ‡²ğŸ‡º,Mauritian,,,
MV,Maldives,ğŸ‡²ğŸ‡»,Maldivan,,,
MW,Malawi,ğŸ‡²ğŸ‡¼,Malawian,,,
MX,Mexico,ğŸ‡²ğŸ‡½,Mexican,,,
MY,Malaysia,ğŸ‡²ğŸ‡¾,Malaysian,,,
MZ,Mozambique,ğŸ‡²ğŸ‡¿,Mozambican,,,Portuguese colony until 1975.
,Namibia,ğŸ‡³ğŸ‡¦,Namibian,,,"Formerly part of South Africa (ZA, ZAF, 710, 358)."
NC,New Caledonia,ğŸ‡³ğŸ‡¨,New Caledonian,New Caledonians,,
NE,Niger (the),ğŸ‡³ğŸ‡ª,Nigerien,,,
NF,Norfolk Island,ğŸ‡³ğŸ‡«,Norfolk Islander,,,
NG,Nigeria,ğŸ‡³ğŸ‡¬,Nigerian,,,
NI,Nicaragua,ğŸ‡³ğŸ‡®,Nicaraguan,Nicoya,,
NL,Netherlands (the),ğŸ‡³ğŸ‡±,Dutch,,,"The autonomous island territories of.The Caribbean (or their historical collections) which is part of the kingdom.appears under the following codes:.(AW, ABW, 533, 657) Aruba; (BQ, BES, 535, 659) Bonaire, Sint.Eustatius and Saba; (CW, CUW, 531, 661) CuraÃ§"
NO,Norway,ğŸ‡³ğŸ‡´,Norwegian,,,"Includes also Svalbard and Jan Mayen (SJ, SJM, 744, 001) despite the fact that the islands have their own code."
NP,Nepal,ğŸ‡³ğŸ‡µ,Nepalese,,,
NR,Nauru,ğŸ‡³ğŸ‡·,Nauruan,,,
NU,Niue,ğŸ‡³ğŸ‡º,Niuean,,,
NZ,New Zealand,ğŸ‡³ğŸ‡¿,New Zealander,,,
OM,Oman,ğŸ‡´ğŸ‡²,Omani,,,
PA,Panama,ğŸ‡µğŸ‡¦,Panamanian,,,"Merging of PanamaÂ (PA,Â PAN,Â 590, 668) and Panama Canal Zone (PZ, PCZ, 594, 669)."
PE,Peru,ğŸ‡µğŸ‡ª,Peruvian,,,
PF,French Polynesia,ğŸ‡µğŸ‡«,French Polynesian,,,
PG,Papua New Guinea,ğŸ‡µğŸ‡¬,Papua New Guinean,,,"Merged Territory of New Guinea (--, ---, ---, 823) og Territory of Papua (--, ---, ---, 824)."
PH,Philippines (the),ğŸ‡µğŸ‡­,Filipino,,,Three-letter code for Philippines changed fromÂ PHIÂ toÂ PHL.
PK,Pakistan,ğŸ‡µğŸ‡°,Pakistani,,,
PL,Poland,ğŸ‡µğŸ‡±,Polish,Pole,,
PM,Saint Pierre and Miquelon,ğŸ‡µğŸ‡²,Saint-Pierrais,Miquelonnais,,
PN,Pitcairn,ğŸ‡µğŸ‡³,Pitcairn Islander,,,"Formerly part of Gilbert Islands (GE, GEL, 296, 841)."
PR,Puerto Rico,ğŸ‡µğŸ‡·,Puerto Rican,,,
PS,"Palestine, State of",ğŸ‡µğŸ‡¸,Palestinian,,,"Formerly Occupied Palestinian Territory (PS, PSE, 275, 524)."
PT,Portugal,ğŸ‡µğŸ‡¹,Portuguese,Portugese,,
PW,Palau,ğŸ‡µğŸ‡¼,Palauan,,,"Former Pacific Islands (Trust Territory) (PC, PCI, 582, 849)."
PY,Paraguay,ğŸ‡µğŸ‡¾,Paraguayan,,,
QA,Qatar,ğŸ‡¶ğŸ‡¦,Qatari,,,
RE,RÃ©union,ğŸ‡·ğŸ‡ª,,,,Also as a subdivision of France.(FR-RE).
RO,Romania,ğŸ‡·ğŸ‡´,Romanian,,,Change of three-letter code from ROM to ROU.
RS,Serbia,ğŸ‡·ğŸ‡¸,Serbian,Serb,,"Former  Serbia and Montenegro (CS, SCG, 891, 125). Included Kosovo."
RU,Russian Federation (the),ğŸ‡·ğŸ‡º,Russian,,,"Former Soviet Union (SU, SUN, 810, 135)."
RW,Rwanda,ğŸ‡·ğŸ‡¼,Rwandan,Rwandese,,
SA,Saudi Arabia,ğŸ‡¸ğŸ‡¦,Saudi Arabian,Saudi,,"Merged with part of Neutral Zone (NT, NTZ, 536, 453)."
SB,Solomon Islands,ğŸ‡¸ğŸ‡§,Solomon Islander,,,
SC,Seychelles,ğŸ‡¸ğŸ‡¨,Seychellois,,,
SD,Sudan,ğŸ‡¸ğŸ‡©,Sudanese,,,"Former Sudan (SD, SDN, 736, 356)."
SE,Sweden,ğŸ‡¸ğŸ‡ª,Swedish,Swede,,
SG,Singapore,ğŸ‡¸ğŸ‡¬,Singaporean,,,
SH,"Saint Helena, Ascension and Tristan da Cunha",ğŸ‡¸ğŸ‡­,Saint Helenian,,,"Formerly Saint Helena and Dependencies (SH, SHN, 654, 209)."
SI,Slovenia,ğŸ‡¸ğŸ‡®,Slovenian,Slovene,,"Former Yugoslavia  (YU, YUG, 890, 116)."
SJ,Svalbard and Jan Mayen,ğŸ‡¸ğŸ‡¯,,,,"Includes in Norway (NO, NOR, 578, 000) for most cases."
SK,Slovakia,ğŸ‡¸ğŸ‡°,Slovakian,Slovak,,"Former Czechoslovakia (CS, CSK, 200, 142)."
SL,Sierra Leone,ğŸ‡¸ğŸ‡±,Sierra Leonean,,,
SM,San Marino,ğŸ‡¸ğŸ‡²,Sanmarinese,Sammarinese,,
SN,Senegal,ğŸ‡¸ğŸ‡³,Senegalese,,,
SO,Somalia,ğŸ‡¸ğŸ‡´,Somali,,,
SR,Suriname,ğŸ‡¸ğŸ‡·,Surinamer,Surinamese,,
SS,South Sudan,ğŸ‡¸ğŸ‡¸,Sudanese,,,"Former part of  Sudan (SD, SDN, 736, 356)."
ST,Sao Tome and Principe,ğŸ‡¸ğŸ‡¹,SÃ£o Tomean,Sao Tomean,,Portuguese colony until 1975.
SV,El Salvador,ğŸ‡¸ğŸ‡»,Salvadorean,Salvadoran,,
SX,Sint Maarten (Dutch part),ğŸ‡¸ğŸ‡½,,,,"Former Netherlands Antilles (AN, ANT, 530, 656)."
SY,Syrian Arab Republic (the),ğŸ‡¸ğŸ‡¾,Syrian,,,
SZ,Eswatini,ğŸ‡¸ğŸ‡¿,Swazi,,,"Formerly Swaziland (SZ, SWZ, 748, 357)."
TC,Turks and Caicos Islands (the),ğŸ‡¹ğŸ‡¨,Turks and Caicos Islander,,,
TD,Chad,ğŸ‡¹ğŸ‡©,Chadian,,,
TF,French Southern Territories (the),ğŸ‡¹ğŸ‡«,,,,"Formerly French Southern and Antarctic Territories (FQ, ATF, 260, 911)."
TG,Togo,ğŸ‡¹ğŸ‡¬,Togolese,,,
TH,Thailand,ğŸ‡¹ğŸ‡­,Thai,,,
TJ,Tajikistan,ğŸ‡¹ğŸ‡¯,Tajikistani,,,"Former Soviet Union (SU, SUN, 810, 135)."
TK,Tokelau,ğŸ‡¹ğŸ‡°,Tokelauan,,,
TL,Timor-Leste,ğŸ‡¹ğŸ‡±,Timorese,,,"Former East Timor (TP, TMP, 626, 537). English name and code changed."
TM,Turkmenistan,ğŸ‡¹ğŸ‡²,Turkmen,,,"Former Soviet Union (SU, SUN, 810, 135)."
TN,Tunisia,ğŸ‡¹ğŸ‡³,Tunisian,,,
TO,Tonga,ğŸ‡¹ğŸ‡´,Tongan,,,
TR,TÃ¼rkiye,ğŸ‡¹ğŸ‡·,Turkish,Turk,,Former english name was Turkey.
TT,Trinidad and Tobago,ğŸ‡¹ğŸ‡¹,Trinidadian,Tobagonian,,
TV,Tuvalu,ğŸ‡¹ğŸ‡»,Tuvaluan,,,"Formerly part of Gilbert Islands (GE, GEL, 296, 810). Just Ellice Islands became Tuvalu."
TW,Taiwan (Province of China),ğŸ‡¹ğŸ‡¼,Taiwanese,,,
TZ,"Tanzania, the United Republic of",ğŸ‡¹ğŸ‡¿,Tanzanian,,,
UA,Ukraine,ğŸ‡ºğŸ‡¦,Ukrainian,,,
UG,Uganda,ğŸ‡ºğŸ‡¬,Ugandan,,,
UM,United States Minor Outlying Islands (the),ğŸ‡ºğŸ‡²,,,,"Merge of Wake Island (WK, WAK, 872, 831), Joghston Atoll (JT, JTN, 396, 845), Midway Islands (MI, MID, 488, 846) and United States Miscellaneous Pacific Islands (PU, PUS, 849, 847). Formerly part of USA (US, USA, 840, 683). For content see: https://www.is"
US,United States of America (the),ğŸ‡ºğŸ‡¸,American,,,"Formerly part of USA (US, USA, 840, 684). For content see: https://www.iso.org/obp/ui/#iso:code:3166:US"
UY,Uruguay,ğŸ‡ºğŸ‡¾,Uruguayan,,,
UZ,Uzbekistan,ğŸ‡ºğŸ‡¿,Uzbekistani,,,"Former Soviet Union (SU, SUN, 810, 135)."
VA,Holy See (the),ğŸ‡»ğŸ‡¦,,,,
VC,Saint Vincent and the Grenadines,ğŸ‡»ğŸ‡¨,Saint Vincentian,Vincentian,,"Formerly Saint Vincent  (VC, VCT, 670, 679)."
VE,Venezuela (Bolivarian Republic of),ğŸ‡»ğŸ‡ª,Venezuelan,,,
VG,Virgin Islands (British),ğŸ‡»ğŸ‡¬,Virgin Islander,,,
VI,Virgin Islands (U.S.),ğŸ‡»ğŸ‡®,Virgin Islander,,,
VN,Viet Nam,ğŸ‡»ğŸ‡³,Vietnamese,,,"Merge of North Vietnam (VD, VDR, 704, 572) and South Vietnam (VN, VNM, 714, 576)."
VU,Vanuatu,ğŸ‡»ğŸ‡º,Ni-Vanuatu,,,"Former New Hebrides (NH, NHB, 548, 812)."
WF,Wallis and Futuna,ğŸ‡¼ğŸ‡«,Wallisian,Futunan,,
WS,Samoa,ğŸ‡¼ğŸ‡¸,Samoan,,,
XB,Canary Islands,,,,,"Formerly part of Spain (ES, ESP, 724, 137)."
XC,Ceuta and Melilla,,,,,"Formerly Spanish territories in Africa (XC, ---, 728, 349).  In standard 'Standard for country codes (alfa-2)' is Ceuta and Mellila listed under code XC for practical reasons, despite the fact that the areas each have their own code (XC Ceuta, XL Mellila)"
XK,Kosovo,,,,,"Alfa-2, alfa-3 and num-3 are temporary codes. SSB-3 is officialy assigned."
YE,Yemen,ğŸ‡¾ğŸ‡ª,Yemeni,Yemenese,,"Merge of South Yemen (YD, YMD, 720, 556) and North Yemen (YE, YEM, 886, 557)."
YT,Mayotte,ğŸ‡¾ğŸ‡¹,Mahoran,,,"Separated from Comoros (KM, COM, 174, 219) i 1976 and became part of France  (FR, FRA, 250, 117) intil 1993 (without mentioning it explicit). From 1993 has Mayotte got it's own code (as a new code for France mÃ©tropolitaine (FX,FXX,249, 199) were appended"
ZA,South Africa,ğŸ‡¿ğŸ‡¦,South African,,,"Formerly part of South Africa (ZA, ZAF, 710, 359). Continues without Namibia (NA, NAM, 516, 308)."
ZM,Zambia,ğŸ‡¿ğŸ‡²,Zambian,,,
ZW,Zimbabwe,ğŸ‡¿ğŸ‡¼,Zimbabwean,,,"Former Southern Rhodesia (RH, RHO, 716, 326)."
