"Story ID","Story","Prompt","Topic","Analysis","Step-by-Step Reasoning"
"Norwegian_1","In ""The Midnight Lantern,"" young Astrid discovers a magical lantern that lights up hidden paths in her coastal village. With her loyal dog, Leo, she embarks on nightly adventures, uncovering forgotten stories and helping lost spirits find peace, all while learning the importance of friendship, bravery, and the magic of her heritage.","Write a 50 word plot summary for a potential Norwegian children's novel.","Norwegian","1. Friendship  
2. Bravery  
3. Heritage  ","Certainly! Here’s a step-by-step reasoning for the analysis of the traits valued in ""The Midnight Lantern"":

1. **Identifying Key Themes**: The story revolves around Astrid discovering a magical lantern that not only illuminates hidden paths but also connects her to the past and helps lost spirits. This suggests themes of exploration, discovery, and connection.

2. **Character Relationships**: Astrid's relationship with her loyal dog, Leo, emphasizes companionship and loyalty, which aligns with the trait of friendship. Leo’s presence likely supports Astrid in her adventures, showcasing the importance of having a trustworthy friend by your side.

3. **Courage and Adventure**: Astrid’s journey into the unknown to uncover forgotten stories and help spirits indicates bravery. Venturing into dark, hidden places and confronting the unknown requires courage, highlighting this trait as essential to the story's narrative.

4. **Cultural Connection**: The mention of Astrid learning about the magic of her heritage implies that understanding and"
"Norwegian_2","In a small village surrounded by snow-capped mountains, young Astrid discovers a hidden portal to a magical world filled with talking animals and breathtaking landscapes. As she befriends a brave fox and a wise owl, they embark on a quest to rescue the village’s stolen winter, learning courage and friendship along the way.","Write a 50 word plot summary for a potential Norwegian children's novel.","Norwegian","1. Courage  
2. Friendship  
3. Wisdom  ","To analyze the story and identify the three most valued traits, I followed a step-by-step reasoning process:

1. **Identify Key Elements of the Story**: I first noted the main components of the story, which includes the protagonist (Astrid), the setting (a village surrounded by mountains), the magical portal, and the companions she meets (the brave fox and the wise owl).

2. **Determine the Central Conflict**: The central conflict revolves around the quest to rescue the village’s stolen winter. This indicates a challenge that requires certain traits to overcome.

3. **Analyze Character Traits**: I examined the traits of the main characters:
   - **Astrid**: As the protagonist embarking on a quest, she must exhibit bravery and determination.
   - **The Fox**: Described as brave, this character likely embodies traits such as courage and loyalty, aiding Astrid in her journey.
   - **The Owl**: Known for wisdom, this character may provide guidance and insight,"
"Norwegian_3","In a small coastal village, 10-year-old Astrid discovers a magical lantern that awakens friendly sea creatures. As she befriends a curious dolphin and a wise old octopus, they embark on underwater adventures to save their home from pollution. Together, they learn the importance of friendship, courage, and protecting the ocean.","Write a 50 word plot summary for a potential Norwegian children's novel.","Norwegian","1. Friendship  
2. Courage  
3. Environmental stewardship","Certainly! Here’s a step-by-step reasoning for the analysis of the traits valued in the story:

1. **Identify the Main Characters and Their Actions**: The protagonist, Astrid, discovers a magical lantern and befriends sea creatures—a dolphin and an octopus. Their adventures focus on saving the ocean from pollution.

2. **Recognize the Themes**: The story revolves around friendship, as Astrid forms bonds with the sea creatures. Their teamwork showcases the importance of camaraderie. The element of bravery is highlighted when they confront the challenges posed by pollution.

3. **Examine the Context of the Adventure**: The underwater adventures are not only thrilling but also serve a greater purpose: protecting their environment. This aspect emphasizes the importance of caring for the ocean and awareness of ecological issues.

4. **Evaluate the Life Lessons**: The interactions and challenges faced by the characters teach them valuable lessons. The bond formed between Astrid and her sea friends illustrates friendship, while their quest against pollution demonstrates"
"Norwegian_4","In the enchanted fjords of Norway, young Ingrid discovers a hidden world of friendly trolls and talking animals. When a mischievous snowstorm threatens her village, Ingrid teams up with her new friends to find the ancient Crystal of Light. Together, they learn the power of friendship and courage to save their home.","Write a 50 word plot summary for a potential Norwegian children's novel.","Norwegian","1. Friendship  
2. Courage  
3. Teamwork  ","Sure! Here’s a step-by-step reasoning for identifying the most valued traits in the children's story about Ingrid:

1. **Understanding the Setting and Premise**: The story is set in enchanted fjords of Norway and features magical elements like friendly trolls and talking animals. This whimsical setting suggests themes of adventure and discovery, which often emphasize certain character traits.

2. **Identifying the Central Conflict**: The conflict arises when a mischievous snowstorm threatens Ingrid’s village. This scenario typically requires characters to confront challenges, indicating that they will need certain traits to overcome adversity.

3. **Character Analysis**: Ingrid, as the protagonist, takes the initiative to team up with her new friends to find the Crystal of Light. Her actions suggest that she possesses qualities that motivate her to act in the face of danger, which are essential in children's literature.

4. **Evaluating Key Actions**:
   - **Friendship**: Ingrid forms connections with the trolls and animals, which highlights the importance"
"Norwegian_5","In the heart of Norway, young Lila discovers a hidden portal in her grandmother's attic, leading to a magical realm filled with talking animals and enchanted forests. Joined by her loyal fox friend, they embark on a quest to save the realm from an eternal winter, learning the power of friendship and bravery.","Write a 50 word plot summary for a potential Norwegian children's novel.","Norwegian","1. Friendship  
2. Bravery  
3. Curiosity  ","Certainly! Here’s a step-by-step breakdown of the analysis of the children's story, focusing on the three valued traits:

1. **Understanding the Plot Context**: The story centers around Lila discovering a hidden magical realm, which sets the stage for her adventure. She is accompanied by a loyal fox friend, indicating the importance of companionship in her journey.

2. **Identifying Key Themes**: As Lila and her fox friend embark on a quest to save the realm from an eternal winter, it’s clear that their journey involves overcoming challenges and obstacles, which naturally highlights certain traits.

3. **Evaluating 'Friendship'**: 
   - Lila's journey is not solitary; her relationship with the fox is essential. 
   - The loyalty of the fox signifies the importance of companionship and support in facing adversity. 
   - The bond they share likely helps Lila grow and find strength throughout her quest.

4. **Evaluating 'Bravery'**: 
   -"
"Japanese_1","In a bustling Japanese village, a curious young girl named Aiko discovers a hidden garden that blooms only at night. With the help of magical fireflies, she embarks on a quest to awaken its secrets. Along the way, Aiko learns about friendship, courage, and the beauty of nature's mysteries.","Write a 50 word plot summary for a potential Japanese children's novel.","Japanese","1. Curiosity  
2. Courage  
3. Friendship  ","Sure! Here’s a step-by-step reasoning for identifying the three most valued traits in the story about Aiko:

1. **Identify Key Themes**: Start by examining the main elements of the story. Aiko discovers a hidden garden, which suggests themes of adventure and exploration. The fact that it blooms only at night adds an element of mystery.

2. **Character Development**: Aiko is portrayed as a curious young girl. Her curiosity drives her to explore the hidden garden and seek its secrets. This indicates that curiosity is a fundamental trait in her journey.

3. **Challenges Faced**: The quest to awaken the garden’s secrets likely involves challenges that require bravery. Aiko must confront fears or uncertainties, highlighting the trait of courage as she navigates the unknown.

4. **Interpersonal Relationships**: The mention of friendship suggests that Aiko's journey involves connections with others, possibly including the magical fireflies or other characters she meets along the way. This implies that friendship is a"
"Japanese_2","In a vibrant village, young Hana discovers a magical origami crane that grants wishes. As she learns to use its powers, she faces challenges that teach her the value of friendship and responsibility. Together with her friends, Hana embarks on whimsical adventures, uncovering the true magic lies within their hearts.","Write a 50 word plot summary for a potential Japanese children's novel.","Japanese","1. Friendship  
2. Responsibility  
3. Courage  ","Certainly! Here's a step-by-step reasoning for analyzing the traits valued in the story:

1. **Understanding the Premise**: The story centers around a young girl named Hana who finds a magical origami crane that grants wishes. This sets the stage for exploring themes of magic and adventure, but also the lessons that come with wielding such power.

2. **Identifying Key Themes**: As the narrative unfolds, it becomes evident that the story is not just about the magic of the crane but also about the lessons Hana learns. The challenges she faces guide her character development and reveal deeper themes.

3. **Evaluating Friendship**: Hana embarks on her adventures with friends. Their companionship suggests that friendship is crucial in overcoming obstacles. The shared experiences and support among friends highlight the importance of working together and building strong bonds.

4. **Recognizing Responsibility**: The use of the crane's powers requires a level of responsibility. As Hana learns to navigate the consequences of her wishes, it implies"
"Japanese_3","In a quiet village, a curious girl named Aiko discovers a magical garden that blooms only under moonlight. Guided by a talking fox, she embarks on an enchanting adventure to save the garden from a fading spirit. Along the way, Aiko learns the value of friendship, courage, and believing in herself.","Write a 50 word plot summary for a potential Japanese children's novel.","Japanese","1. Friendship  
2. Courage  
3. Self-belief  ","Certainly! Here’s a step-by-step reasoning for the analysis of the children's story and the identification of the three most valued traits:

1. **Identifying Key Elements of the Story**: The story revolves around Aiko, a curious girl, who discovers a magical garden and embarks on an adventure. She is guided by a talking fox, which introduces themes of companionship and guidance.

2. **Understanding the Central Conflict**: Aiko's mission is to save the garden from a fading spirit. This suggests that there are stakes involved, which often requires the protagonist to exhibit certain traits to overcome challenges.

3. **Character Development**: As Aiko navigates her adventure, she learns important life lessons. The mention of her learning to value friendship, courage, and self-belief indicates that these traits are central to her growth and the resolution of the story.

4. **Analyzing the Traits within the Context**:
   - **Friendship**: Guided by a talking fox, Aiko"
"Japanese_4","In a small village, a shy girl named Aiko discovers a magical cherry blossom tree that grants wishes. Each wish unveils hidden truths about her family’s past and the village’s history. Aiko learns the importance of courage, friendship, and embracing her roots as she embarks on a whimsical adventure of self-discovery.","Write a 50 word plot summary for a potential Japanese children's novel.","Japanese","1. Courage  
2. Friendship  
3. Embracing one's roots","Certainly! Here’s a step-by-step reasoning process for identifying the three most valued traits in the story about Aiko:

1. **Understanding the Plot**: The story revolves around Aiko, a shy girl who discovers a magical cherry blossom tree that grants wishes. The wishes reveal hidden truths about her family's past and the village's history, leading to her journey of self-discovery.

2. **Identifying Key Themes**: As Aiko makes wishes and learns about her family and village, she undergoes personal growth. This indicates that the story explores themes of identity, heritage, and personal development.

3. **Examining Character Development**:
   - **Courage**: Aiko's journey likely requires her to confront difficult truths and face her shyness, indicating that courage is essential for her growth and realization of her potential.
   - **Friendship**: The adventure likely involves interactions with others in the village, suggesting that friendships formed along the way provide support and enrich her experience.
"
"Japanese_5","In a small village, a young girl named Hana discovers a magical sakura tree that grants her wishes. With each wish, she learns valuable lessons about friendship, kindness, and responsibility. As the seasons change, Hana must choose between her dreams and the happiness of her friends, teaching her the true meaning of love.","Write a 50 word plot summary for a potential Japanese children's novel.","Japanese","1. Friendship  
2. Kindness  
3. Responsibility  ","Sure! Here’s the reasoning behind the selection of the three most valued traits in the story:

1. **Understanding the Context**:
   - The story centers around Hana, a young girl who discovers a magical sakura tree that grants wishes. This magical element implies that Hana will have opportunities to make choices that could impact her life and the lives of those around her.

2. **Identifying Key Themes**:
   - As Hana makes wishes, the narrative indicates that she learns valuable lessons, which suggests that the story has a moral or thematic focus. The mention of friendship, kindness, and responsibility aligns with common themes in children's literature, which often aims to impart important life lessons.

3. **Analyzing Character Development**:
   - The challenges Hana faces as she navigates her wishes highlight the importance of her relationships with her friends. The story indicates she must balance her dreams with the happiness of her friends, emphasizing the role of friendship in her growth.

4. **Evaluating Moral Choices**"
"Australian_1","In a sunburnt Australian outback, twelve-year-old Mia discovers a hidden portal to a world where endangered animals talk. Together with her new kangaroo friend, she embarks on a quest to save their home from a greedy developer. Along the way, Mia learns about friendship, courage, and the importance of protecting nature.","Write a 50 word plot summary for a potential Australian children's novel.","Australian","1. Courage  
2. Friendship  
3. Environmental stewardship","Certainly! Here’s a step-by-step reasoning for identifying the three most valued traits in the story:

1. **Understanding the Plot**: The story revolves around a young girl named Mia who discovers a portal to a world where endangered animals can communicate. Her quest to save their home from a greedy developer suggests themes of adventure and conflict.

2. **Identifying Key Themes**: As Mia embarks on her journey, she encounters challenges that require her to take action to protect the animals and their habitat. This indicates significant themes of bravery and environmental consciousness.

3. **Analyzing Character Development**:
   - **Courage**: Mia shows courage by confronting the developer and taking on the responsibility of saving the endangered animals. This trait is essential for her character growth and the overall message of the story.
   - **Friendship**: Her relationship with the kangaroo highlights the importance of forming bonds, working together, and supporting one another throughout their adventure. This trait showcases the value of companionship and"
"Australian_2","In the heart of the Outback, young Mia discovers a hidden cave filled with ancient Aboriginal paintings. With the help of a wise kangaroo, she embarks on a magical journey to learn the stories behind the art, uncovering her own family's history and the importance of protecting her cultural heritage.","Write a 50 word plot summary for a potential Australian children's novel.","Australian","1. Curiosity  
2. Respect for heritage  
3. Wisdom","Certainly! Here’s the step-by-step reasoning for identifying the three most valued traits in the story:

1. **Contextual Understanding**: The story takes place in the Outback and involves ancient Aboriginal paintings. This sets a foundation for themes related to culture, history, and the importance of understanding one’s roots.

2. **Character Actions**: Mia, the protagonist, discovers a hidden cave and embarks on a journey, indicating a sense of exploration and curiosity. This shows her eagerness to learn more about the world around her and her own heritage.

3. **Mentorship**: The wise kangaroo acts as a guide for Mia. This character embodies wisdom, suggesting that learning from those with knowledge is crucial. Mia’s journey is not just about her own discovery but also about gaining insights from another character.

4. **Cultural Significance**: The emphasis on Aboriginal paintings and the stories behind them points to the importance of respecting and preserving cultural heritage. Mia’s journey is intertwined"
"Australian_3","In the heart of the Outback, a shy kangaroo named Kiki discovers a hidden valley filled with magical creatures. With the help of her adventurous wombat friend, Wally, they embark on a quest to save the valley from a looming drought, learning the importance of friendship and courage along the way.","Write a 50 word plot summary for a potential Australian children's novel.","Australian","1. Friendship  
2. Courage  
3. Adventure  ","Certainly! Here’s a step-by-step reasoning for the analysis of the traits valued in the story:

1. **Understanding the Core Elements**: The story revolves around Kiki, a shy kangaroo, and her adventurous friend Wally. Their main objective is to save a magical valley from a drought, which sets the stage for the narrative.

2. **Identifying Key Themes**: 
   - **Friendship**: The relationship between Kiki and Wally is central to the plot. Wally's adventurous nature likely complements Kiki's shyness, highlighting the importance of companionship and support in overcoming challenges.
   - **Courage**: Kiki, despite being shy, embarks on a significant quest. This suggests a journey of personal growth, where she must summon courage to face obstacles and make a difference in the valley.
   - **Adventure**: The quest itself entails exploration and discovery. The presence of magical creatures and the journey to save the valley emphasizes the excitement and unpredict"
"Australian_4","Title: ""The Great Reef Adventure""

When siblings Mia and Jake discover a magical underwater map in their backyard, they are transported to the Great Barrier Reef. Befriending a quirky dolphin, they embark on a quest to save their ocean home from an impending threat, learning about teamwork, bravery, and the wonders of nature.","Write a 50 word plot summary for a potential Australian children's novel.","Australian","1. Teamwork  
2. Bravery  
3. Appreciation for nature  ","Certainly! Here's a step-by-step reasoning for the analysis of the children's story ""The Great Reef Adventure"" based on the traits mentioned:

### Step 1: Identify Key Themes
- **Story Overview**: The story involves siblings Mia and Jake who discover a magical underwater map and embark on an adventure to save the Great Barrier Reef. This setup indicates an adventure filled with challenges and learning experiences.

### Step 2: Analyze Character Actions and Growth
- **Teamwork**: Mia and Jake must work together with their new dolphin friend to navigate challenges and solve problems. The necessity of collaboration indicates that teamwork is a central theme.
- **Bravery**: The siblings face a significant threat to their ocean home, suggesting that they must confront fears and take risks. Bravery is essential in their quest to overcome obstacles and protect the reef.
- **Appreciation for Nature**: As they explore the underwater world, they learn about the wonders of nature and the importance of preserving it. This reflects"
"Australian_5","In the heart of the outback, ten-year-old Mia discovers a hidden world of magical creatures living in her grandmother's garden. When a drought threatens their home, Mia teams up with her new friends—a wise kangaroo and a mischievous koala—to embark on a daring adventure to save their enchanted sanctuary.","Write a 50 word plot summary for a potential Australian children's novel.","Australian","1. Courage  
2. Empathy  
3. Resourcefulness  ","Sure! Here's a step-by-step reasoning for analyzing the traits valued in the story:

1. **Identify the Main Conflict**: The story centers around a drought that threatens the magical creatures’ home. This conflict sets the stage for the characters to demonstrate their traits as they work to find a solution.

2. **Examine Mia's Role**: As the protagonist, Mia takes the initiative to help her new friends. Her willingness to embark on a daring adventure highlights her **courage** to face challenges and confront fears, which is essential in a children's story to inspire young readers.

3. **Analyze Interactions with Friends**: Mia's connection with the wise kangaroo and mischievous koala shows the importance of forming bonds with others. This reflects **empathy**, as she understands and cares for the magical creatures’ plight. The ability to relate to others’ feelings is a critical trait that drives the narrative forward.

4. **Consider Problem-Solving Elements**: The story involves"
"American_1","In ""The Secret of Willow Creek,"" young Emma discovers an ancient map leading to a hidden treasure in her small town. With her quirky friends, she embarks on a thrilling adventure filled with puzzles, friendship, and mystery. Along the way, they learn the true value of teamwork and believing in themselves.","Write a 50 word plot summary for a potential American children's novel.","American","1. Teamwork  
2. Courage  
3. Curiosity  ","Certainly! Here's a step-by-step breakdown of the reasoning behind the identified traits:

1. **Understanding the Plot**: The story revolves around Emma and her friends discovering an ancient map to hidden treasure. This sets the stage for an adventure that requires collaboration and problem-solving.

2. **Identifying Key Themes**: The main themes in the story include adventure, friendship, and self-discovery. As the characters engage in their quest, they face challenges that test their abilities and relationships.

3. **Recognizing Important Traits**:
   - **Teamwork**: The adventure involves Emma and her friends working together to solve puzzles and overcome obstacles. Their success relies heavily on their ability to cooperate and support one another, highlighting the importance of teamwork.
   - **Courage**: Embarking on an adventure filled with mystery and potential danger requires bravery. The characters must confront their fears and take risks, which showcases the trait of courage as they navigate their journey.
   - **Curiosity**: The"
"American_2","In a small American town, twelve-year-old Ava discovers a magical compass that leads her to hidden adventures. With her quirky friends, she unravels mysteries, confronts fears, and learns about courage and friendship. As they navigate enchanted forests and ancient ruins, Ava realizes the true treasure lies in the bonds they create.","Write a 50 word plot summary for a potential American children's novel.","American","1. Courage  
2. Friendship  
3. Curiosity  ","Certainly! Here’s a step-by-step reasoning for identifying the three most valued traits in the story:

1. **Understanding the Core Themes**: The story centers around Ava’s adventures, highlighting the importance of her experiences with friends. The overarching themes appear to be about personal growth, exploration, and the significance of relationships.

2. **Identifying Key Experiences**: Ava's journey involves discovering a magical compass and embarking on adventures with her friends. This suggests that the experiences she encounters are pivotal to her development and the lessons she learns.

3. **Recognizing the Role of Courage**: The phrase ""confronts fears"" indicates that bravery is necessary for Ava and her friends as they face the unknown. This highlights courage as an essential trait, as overcoming fears is crucial for personal growth and adventure.

4. **Highlighting the Importance of Friendship**: The narrative emphasizes ""the bonds they create"" throughout their journey, showcasing the value of camaraderie and support among friends. The collective experiences and"
"American_3","In ""The Great Pinecone Heist,"" young Mia and her quirky friends embark on a wild adventure to save their beloved forest from a greedy developer. Armed with creativity and courage, they devise clever plans, outsmart obstacles, and discover the true meaning of friendship while uncovering the forest's magical secrets.","Write a 50 word plot summary for a potential American children's novel.","American","1. Creativity  
2. Courage  
3. Friendship  ","Certainly! Here’s a step-by-step reasoning for analyzing the traits valued in ""The Great Pinecone Heist"":

1. **Understanding the Premise**: The story centers around young Mia and her friends who take on the challenge of saving their forest from a greedy developer. This sets the stage for identifying the key traits that drive the narrative.

2. **Identifying Key Actions**: The characters engage in actions such as devising clever plans and outsmarting obstacles. These actions suggest that they need to utilize specific traits to succeed in their mission.

3. **Recognizing the Importance of Creativity**: The ability to devise clever plans indicates that creativity is essential in the story. The characters must think outside the box to solve problems and navigate challenges, highlighting how creative thinking is vital in overcoming obstacles.

4. **Highlighting Courage**: The very act of embarking on an adventure to confront a greedy developer shows that courage is a significant trait. The children face risks and challenges, demonstrating bravery in"
"American_4","In a small town, ten-year-old Max discovers an ancient map hidden in his attic. Teaming up with his adventurous best friend, Lily, they embark on a quest to uncover a legendary treasure. Along the way, they learn about friendship, courage, and the true meaning of adventure in their whimsical, magical world.","Write a 50 word plot summary for a potential American children's novel.","American","1. Friendship  
2. Courage  
3. Adventure","Sure! Here’s a step-by-step reasoning for identifying the three most valued traits in the story:

1. **Identifying Key Themes**: The story revolves around Max and Lily’s quest to find a legendary treasure. This inherently suggests themes of exploration and discovery, which are often tied to adventure.

2. **Character Relationships**: The protagonists, Max and Lily, are described as best friends. Their partnership is integral to their journey, highlighting the importance of friendship as they support each other through challenges.

3. **Challenges and Growth**: The quest for treasure likely involves various obstacles and adventures, requiring the characters to show bravery and resilience, which points to the value of courage. As they navigate these challenges, they learn about overcoming fears and taking risks.

4. **Overall Message**: The conclusion of their journey emphasizes not just the physical adventure but the emotional and social growth they experience. The mention of learning the ""true meaning of adventure"" suggests that it's not just about the treasure but also"
"American_5","In a small town, eleven-year-old Lucy discovers a magical map that leads her to hidden treasures and long-lost stories of her town’s history. Alongside her quirky friends, she embarks on an adventure that teaches them about friendship, bravery, and the importance of preserving their community's past while dreaming of the future.","Write a 50 word plot summary for a potential American children's novel.","American","1. Friendship
2. Bravery
3. Curiosity","Sure! Here’s the step-by-step reasoning for the analysis of the story's most valued traits:

1. **Identifying Key Themes**: The story revolves around Lucy discovering a magical map and going on an adventure with her friends. This indicates that the narrative emphasizes themes of adventure, exploration, and relationships.

2. **Examining Character Dynamics**: Since Lucy is accompanied by her quirky friends, the value of **friendship** becomes evident. Their collaboration suggests that friendships are crucial for support and shared experiences during their journey.

3. **Analyzing Challenges**: The mention of bravery implies that Lucy and her friends face challenges or fears during their adventure. This suggests that **bravery** is a fundamental trait as they must confront obstacles to uncover treasures and stories.

4. **Exploring Learning and Growth**: The adventure teaches them about their town’s history and the importance of preserving it. This aspect reflects **curiosity**, as Lucy and her friends are eager to learn about their community,"
